{
  "XGBoost": {
    "test_all": {
      "rmse": 0.508853224060898,
      "mape": 7.475522095304673,
      "r2": 0.9980981145970865,
      "mae": 0.22574029067457177
    },
    "test_core": {
      "rmse": 0.26931596730998636,
      "mape": 7.710113160368126,
      "r2": 0.9871368259834299,
      "mae": 0.1590898307113034
    },
    "future_all": {
      "rmse": 0.7084371168194367,
      "mape": 10.164723635811622,
      "r2": 0.9964813889881527,
      "mae": 0.30612757203449037
    },
    "future_core": {
      "rmse": 0.4394268149632156,
      "mape": 10.523700521395181,
      "r2": 0.9670785325633796,
      "mae": 0.23020908770200338
    }
  },
  "RandomForest": {
    "test_all": {
      "rmse": 0.6828895345146943,
      "mape": 7.9042532026913,
      "r2": 0.9965746875087892,
      "mae": 0.2631817301595366
    },
    "test_core": {
      "rmse": 0.27412187180415615,
      "mape": 8.097805063584694,
      "r2": 0.9866736468882246,
      "mae": 0.16296968626263852
    },
    "future_all": {
      "rmse": 0.7851434183105624,
      "mape": 10.11304376443878,
      "r2": 0.9956781804213116,
      "mae": 0.3243478909646728
    },
    "future_core": {
      "rmse": 0.4245664682891352,
      "mape": 10.429530928611731,
      "r2": 0.9692675306511327,
      "mae": 0.22450227574853243
    }
  },
  "GradientBoosting": {
    "test_all": {
      "rmse": 0.5054234451534787,
      "mape": 6.994422560102322,
      "r2": 0.9981236664174228,
      "mae": 0.22519574464151468
    },
    "test_core": {
      "rmse": 0.2602884950573405,
      "mape": 7.188675396346247,
      "r2": 0.9879847203256084,
      "mae": 0.15225197052101166
    },
    "future_all": {
      "rmse": 0.5453674273006873,
      "mape": 8.657171679117665,
      "r2": 0.9979148032709332,
      "mae": 0.2511156021656431
    },
    "future_core": {
      "rmse": 0.37270044474663727,
      "mape": 8.98026750636738,
      "r2": 0.9763175899301666,
      "mae": 0.19657984934592715
    }
  },
  "Ridge": {
    "test_all": {
      "rmse": 0.4790191478672308,
      "mape": 9.117365266106663,
      "r2": 0.9983145920743927,
      "mae": 0.24463474458157097
    },
    "test_core": {
      "rmse": 0.2874037229955852,
      "mape": 9.43554073616798,
      "r2": 0.9853509750524332,
      "mae": 0.18062749253397004
    },
    "future_all": {
      "rmse": 0.4522653452000923,
      "mape": 11.154169698389548,
      "r2": 0.9985659798091508,
      "mae": 0.2657374618767854
    },
    "future_core": {
      "rmse": 0.3642485886108416,
      "mape": 11.636341158223232,
      "r2": 0.9773795192807533,
      "mae": 0.23188649787670737
    }
  },
  "SVR": {
    "test_all": {
      "rmse": 0.6463742889768134,
      "mape": 8.887146158027763,
      "r2": 0.9969312081630597,
      "mae": 0.2702167766171154
    },
    "test_core": {
      "rmse": 0.31946191356806053,
      "mape": 9.16539143406458,
      "r2": 0.9819006859051944,
      "mae": 0.18796406816685443
    },
    "future_all": {
      "rmse": 0.8654039780299465,
      "mape": 11.55765143267585,
      "r2": 0.9947494304194417,
      "mae": 0.3571583008877197
    },
    "future_core": {
      "rmse": 0.4566142210594319,
      "mape": 11.93398053938577,
      "r2": 0.9644528373482876,
      "mae": 0.25163287661837025
    }
  }
}